Date,link
"November 09, 2023 05:43 PM IST",https://www.moneycontrol.com/news/business/earnings/airtel-payments-bank-net-profit-rises-to-rs-7-7-crore-in-q2-11710871.html
"November 03, 2023 11:00 PM IST",https://www.moneycontrol.com/news/business/companies/airtel-digital-head-adarsh-nair-quits-11661741.html
"November 01, 2023 07:11 PM IST",https://www.moneycontrol.com/news/business/tariffs-need-to-go-up-industry-should-become-viable-airtel-ceo-11645651.html
"October 27, 2023 12:42 PM IST",https://www.moneycontrol.com/news/business/india-mobile-congress-not-just-5g-india-is-working-on-becoming-leader-in-6g-says-pm-modi-11611261.html
"October 22, 2023 07:02 AM IST",https://www.moneycontrol.com/news/business/india-leaves-europe-behind-in-5g-network-expansion-11578861.html
"October 19, 2023 11:35 PM IST",https://www.moneycontrol.com/news/business/airtel-ericsson-test-new-tech-that-claims-to-save-devices-battery-on-5g-network-11567191.html
"October 18, 2023 10:47 PM IST",https://www.moneycontrol.com/news/business/airtel-sees-rs-8000-crore-market-opportunity-with-ccaas-cloud-platform-launch-11558581.html
"October 16, 2023 02:42 PM IST",https://www.moneycontrol.com/news/trends/legal/sc-rejects-telcos-plea-of-licence-fee-be-treated-as-revenue-expenditure-puts-an-end-to-decade-old-litigation-11540531.html
"September 04, 2023 03:33 PM IST",https://www.moneycontrol.com/news/business/bharti-airtel-to-source-23000-mwh-of-renewable-energy-for-6-nxtra-data-centers-11307831.html
"August 24, 2023 08:23 PM IST",https://www.moneycontrol.com/news/telecom/jio-airtel-drive-telecom-subs-base-in-india-rose-to-1173-89-mn-in-june-11253111.html
"August 03, 2023 06:36 PM IST",https://www.moneycontrol.com/news/india/moneycontrol-selects-top-stories-this-evening-439-11092851.html
"August 01, 2023 11:25 PM IST",https://www.moneycontrol.com/news/business/companies/airtel-to-target-small-and-medium-businesses-market-with-airtel-iq-messaging-platform-11076971.html
"June 20, 2023 02:09 PM IST",https://www.moneycontrol.com/news/business/earnings/morgan-raises-target-price-for-bharti-airtel-keeps-overweight-tag-10826581.html
"May 01, 2023 08:26 PM IST",https://www.moneycontrol.com/news/business/airtel-partners-with-bridgepointe-tech-under-global-channel-partners-programme-10508001.html
"April 20, 2023 09:23 PM IST",https://www.moneycontrol.com/news/telecom/jio-rolls-out-82500-sites-for-5g-service-airtel-less-than-20000-10449581.html
"March 31, 2023 09:39 PM IST",https://www.moneycontrol.com/news/business/india-post-payments-bank-partners-airtel-to-launch-banking-services-on-whatsapp-10345291.html
"March 12, 2023 12:29 PM IST",https://www.moneycontrol.com/news/business/markets/eight-of-top-10-firms-lose-rs-1-03-lakh-crore-in-market-valuation-ril-icici-hit-hard-10235571.html
"March 06, 2023 04:23 PM IST",https://www.moneycontrol.com/news/business/airtel-announces-5g-rollout-in-125-more-cities-10207651.html
"March 06, 2023 12:41 PM IST",https://www.moneycontrol.com/news/business/companies/airtel-rolls-out-5g-in-125-more-cities-widens-coverage-to-265-urban-locations-10206021.html
"February 14, 2023 03:28 PM IST",https://www.moneycontrol.com/news/business/4g-and-5g-networks-will-co-exist-for-quite-a-while-rajen-vagadia-of-qualcomm-india-10081701.html
"January 27, 2023 08:49 PM IST",https://www.moneycontrol.com/news/business/airtel-rolls-out-5g-services-in-seven-cities-of-jammu-kashmir-9950841.html
"January 18, 2023 12:30 PM IST",https://www.moneycontrol.com/news/business/davos-2023-we-are-feverishly-rolling-out-5g-says-airtel-chief-sunil-bharti-mittal-9886811.html
"January 09, 2023 12:21 PM IST",https://www.moneycontrol.com/news/business/earnings/vodafone-idea-sinks-to-15-month-low-to-funding-woes-9833021.html
"December 26, 2022 12:21 PM IST",https://www.moneycontrol.com/news/business/do-telcos-justify-the-optimism-reflected-in-their-stock-prices-9765071.html
"December 20, 2022 06:41 PM IST",https://www.moneycontrol.com/news/business/moneycontrol-selects-top-stories-this-evening-226-9737281.html
"December 06, 2022 07:29 PM IST",https://www.moneycontrol.com/news/business/airtel-phases-out-international-roaming-packs-cuts-base-data-rate-in-listed-countries-by-99-9660521.html
"December 05, 2022 03:21 PM IST",https://www.moneycontrol.com/news/technology/meta-to-jointly-invest-with-airtel-in-telecom-infrastructure-9652511.html
"November 21, 2022 04:53 PM IST",https://www.moneycontrol.com/news/business/airtel-raises-price-of-minimum-monthly-recharge-plan-by-57-to-rs-155-in-2-circles-pan-india-roll-out-expected-9574721.html
"November 15, 2022 10:35 PM IST",https://www.moneycontrol.com/news/business/airtel-starts-offering-5g-service-in-gurugram-9540391.html
"November 03, 2022 12:43 PM IST",https://www.moneycontrol.com/news/technology/apple-to-test-5g-support-in-india-next-week-9441551.html
"October 20, 2022 05:51 PM IST",https://www.moneycontrol.com/news/technology/telcos-seen-dialling-steady-second-quarter-as-suc-savings-aid-margins-5g-updates-in-key-focus-9364401.html
"October 11, 2022 04:14 PM IST",https://www.moneycontrol.com/news/technology/jio-records-599-mbps-5g-speed-in-delhi-india-averages-at-500-mbps-ookla-9310471.html
"September 26, 2022 04:46 PM IST",https://www.moneycontrol.com/news/technology/airtel-launches-end-to-end-home-surveillance-solution-xsafe-check-subscription-charge-features-and-more-9233171.html
"September 22, 2022 05:29 PM IST",https://www.moneycontrol.com/news/business/announcements/airtel-whatsapp-partner-to-launch-airtel-iq-hackathon-prizes-up-to-rs-1-crore-check-details-9216411.html
"September 12, 2022 03:02 PM IST",https://www.moneycontrol.com/news/business/technicals/bharti-airtels-nxtra-to-become-first-data-center-company-in-india-to-install-fuel-cell-technology-9165621.html
"September 07, 2022 08:07 PM IST",https://www.moneycontrol.com/news/business/airtel-to-launch-5g-within-a-month-cover-all-urban-area-by-2023-company-ceo-9145241.html
"September 07, 2022 04:40 PM IST",https://www.moneycontrol.com/news/business/pepsico-partners-with-airtel-offers-recharge-coupons-with-beverage-brands-9143771.html
"August 25, 2022 01:56 PM IST",https://www.moneycontrol.com/news/business/companies/bharti-telecom-to-buy-3-33-airtel-stake-from-singtel-for-rs-12895-crore-9082661.html
"August 18, 2022 09:34 AM IST",https://www.moneycontrol.com/news/business/companies/business-as-it-should-be-sunil-mittal-praises-dot-as-airtel-gets-5g-bands-within-hours-9048011.html
"August 17, 2022 06:04 PM IST",https://www.moneycontrol.com/news/trends/current-affairs-trends/telecom-subscribers-in-india-increased-by-2-22-million-in-june-trai-9046121.html
"August 17, 2022 12:36 PM IST",https://www.moneycontrol.com/news/business/bharti-airtel-pays-1-billion-upfront-to-dot-for-5g-spectrum-9041881.html
"August 17, 2022 08:40 AM IST",https://www.moneycontrol.com/news/business/companies/bharti-airtel-looks-to-raise-rs-3000-crore-as-5g-installment-deadline-ends-today-report-9040391.html
"August 13, 2022 05:34 PM IST",https://www.moneycontrol.com/news/business/airtel-gets-shareholders-nod-for-re-appointment-of-gopal-vittal-as-managing-director-for-5-years-9023661.html
"August 11, 2022 03:14 PM IST",https://www.moneycontrol.com/news/business/airtel-launches-wynk-studio-to-help-artists-monetize-their-music-on-multiple-platforms-9007051.html
"August 10, 2022 04:54 PM IST",https://www.moneycontrol.com/news/business/airtel-africa-signs-up-for-125-million-credit-pact-with-citi-8996941.html
"August 08, 2022 06:07 PM IST",https://www.moneycontrol.com/news/business/earnings/airtel-q1-result-profit-surges-5-5-times-yoy-to-rs-1607-crore-revenue-up-22-8976441.html
"August 08, 2022 07:17 AM IST",https://www.moneycontrol.com/news/business/earnings/airtel-q1-results-preview-profit-may-surge-6-5-fold-revenue-21-on-3-million-new-users-8973921.html
"August 03, 2022 05:59 PM IST",https://www.moneycontrol.com/news/business/airtel-to-start-5g-services-rollout-in-august-inks-pacts-with-ericsson-nokia-samsung-8947011.html
"August 01, 2022 03:01 PM IST",https://www.moneycontrol.com/news/business/5g-spectrum-auction-ends-provisional-sale-amount-at-rs-1-5-lakh-crore-8930281.html
"August 01, 2022 06:43 AM IST",https://www.moneycontrol.com/news/business/5g-spectrum-auction-bids-cross-rs-1-50-lakh-cr-mark-up-east-sees-renewed-interest-on-sunday-8925941.html
"July 30, 2022 09:45 PM IST",https://www.moneycontrol.com/news/business/5g-spectrum-sale-nears-rs-1-50-lakh-crore-mark-on-day-5-bidding-to-resume-on-july-31-8922411.html
"July 26, 2022 07:06 PM IST",https://www.moneycontrol.com/news/business/telecom-stocks-end-on-mixed-note-8893101.html
"July 12, 2022 07:35 PM IST",https://www.moneycontrol.com/news/business/adani-data-networks-jio-airtel-vodafone-idea-to-bid-for-5g-spectrum-8817111.html
"June 22, 2022 01:40 PM IST",https://www.moneycontrol.com/news/business/companies/carlyle-completes-acquisition-of-24-stake-in-airtels-data-centre-business-8722291.html
"June 21, 2022 02:41 PM IST",https://www.moneycontrol.com/news/business/bif-terms-telcos-argument-on-captive-private-5g-networks-as-absurd-impractical-8717371.html
"June 14, 2022 08:36 PM IST",https://www.moneycontrol.com/news/technology/airtel-unveils-indias-first-multiplex-in-metaverse-8686501.html
"June 13, 2022 02:32 PM IST",https://www.moneycontrol.com/news/business/airtel-xstream-reaches-2-million-paid-subscriber-mark-to-double-down-on-regional-content-strategy-8678581.html
"June 07, 2022 10:12 PM IST",https://www.moneycontrol.com/news/business/airtel-africa-others-receive-notice-to-pay-about-180-million-to-congo-8656321.html
"May 31, 2022 05:34 PM IST",https://www.moneycontrol.com/news/india/private-telcos-to-hike-tariffs-in-h2-fy23-revenues-to-jump-by-a-fourth-report-8614751.html
"May 26, 2022 07:06 PM IST",https://www.moneycontrol.com/news/business/moneycontrol-selects-top-stories-this-evening-29-8585281.html
"May 15, 2022 02:28 PM IST",https://www.moneycontrol.com/news/business/airtel-to-set-up-digital-technology-hub-in-pune-to-hire-500-people-by-end-of-this-fiscal-8509361.html
"May 07, 2022 08:07 AM IST",https://www.moneycontrol.com/news/business/airtel-broadband-suffers-major-outage-across-india-millions-of-users-affected-8467401.html
"April 09, 2022 10:43 AM IST",https://www.moneycontrol.com/news/business/dot-releases-bank-guarantees-of-airtel-and-vodafone-idea-report-8337831.html
"March 25, 2022 11:07 AM IST",https://www.moneycontrol.com/news/business/airtel-prepays-rs-8815-cr-towards-deferred-liabilities-for-2015-spectrum-8273711.html
"February 24, 2022 11:51 AM IST",https://www.moneycontrol.com/news/business/companies/bharti-airtel-acquires-strategic-stake-in-singapore-based-blockchain-technology-start-up-aqilliz-8157351.html
"February 11, 2022 01:39 PM IST",https://www.moneycontrol.com/news/trends/airtel-internet-outage-users-across-india-complain-as-wfh-disrupted-8078831.html
"February 10, 2022 03:53 PM IST",https://www.moneycontrol.com/news/technology/airtel-xstream-premium-super-app-launched-in-india-subscribe-for-15-ott-services-at-rs-149month-8072881.html
"February 10, 2022 01:11 PM IST",https://www.moneycontrol.com/news/telecom/tariff-hike-dents-airtels-user-base-more-subscribers-disconnect-8071871.html
"February 07, 2022 09:21 AM IST",https://www.moneycontrol.com/news/business/markets/airtel-to-invest-rs-1-17-lakh-crore-capex-in-four-years-through-subsidiaries-8047651.html
"January 28, 2022 07:35 PM IST",https://www.moneycontrol.com/news/business/decoding-the-google-airtel-deal-what-is-in-it-for-the-companies-7999511.html
"December 28, 2021 11:36 AM IST",https://www.moneycontrol.com/news/telecom/5g-services-to-be-rolled-out-in-13-cities-next-year-dot-7873381.html
"December 08, 2021 12:00 PM IST",https://www.moneycontrol.com/news/telecom/reliance-chairman-mukesh-ambani-outlines-importance-of-digital-revolution-at-india-mobile-congress-2021-read-full-text-of-his-speech-7802991.html
"November 23, 2021 09:18 AM IST",https://www.moneycontrol.com/news/business/moneycontrol-research/with-tariff-hike-airtel-moves-to-make-business-sustainable-for-the-long-term-7750331.html
"November 22, 2021 09:55 AM IST",https://www.moneycontrol.com/news/business/bharti-airtel-raises-mobile-tariffs-prepaid-rates-up-20-25-from-november-26-7745861.html
"November 20, 2021 12:09 PM IST",https://www.moneycontrol.com/news/trends/features/sanjay-kapoor-the-next-competitor-or-collaborator-can-come-from-anywhere-and-the-winner-cant-take-all-7742261.html
"November 03, 2021 10:26 AM IST",https://www.moneycontrol.com/news/business/moneycontrol-research/stellar-quarter-from-airtel-accumulate-for-long-term-7672051.html
"September 20, 2021 03:14 PM IST",https://www.moneycontrol.com/news/business/bharti-airtel-commits-50-cut-in-greenhouse-gas-emissions-across-ops-by-fy31-7486251.html
"September 17, 2021 08:10 AM IST",https://www.moneycontrol.com/news/business/airtel-hikes-prices-of-plans-offering-disneyhotstar-subscription-7475831.html
"September 17, 2021 11:43 AM IST",https://www.moneycontrol.com/news/business/moneycontrol-research/telecom-relief-package-what-does-it-mean-for-vodafone-idea-7471851.html
"August 30, 2021 03:59 PM IST",https://www.moneycontrol.com/news/business/bharti-airtel-rights-issue-no-funds-will-be-used-to-raise-stake-in-indus-towers-sunil-mittal-7406761.html
"August 28, 2021 01:18 PM IST",https://www.moneycontrol.com/news/telecom/google-to-make-substantial-investment-in-airtel-report-7400381.html
"August 24, 2021 05:10 PM IST",https://www.moneycontrol.com/news/telecom/videocon-agr-dues-sc-restrains-centre-from-encashing-airtels-bank-guarantee-for-three-weeks-7381481.html
"August 23, 2021 03:55 PM IST",https://www.moneycontrol.com/news/business/vodafone-idea-loses-42-8-lakh-mobile-users-in-june-airtel-jio-add-subscribers-7375851.html
"August 13, 2021 01:58 PM IST",https://www.moneycontrol.com/news/telecom/airtel-jio-conclude-spectrum-trading-agreement-7331141.html
"August 04, 2021 09:51 AM IST",https://www.moneycontrol.com/news/business/moneycontrol-research/airtel-continues-to-benefit-from-the-pandemic-7273871.html
"July 28, 2021 02:31 PM IST",https://www.moneycontrol.com/news/business/airtel-discontinues-rs-49-prepaid-recharge-raises-entry-level-pricing-7239391.html
"July 12, 2021 06:52 PM IST",https://www.moneycontrol.com/news/telecom/airtel-records-over-1000-mbps-speed-during-5g-trial-with-nokia-in-mumbai-7161141.html
"July 04, 2021 09:11 PM IST",https://www.moneycontrol.com/news/business/telecom-watchdog-wants-govt-to-reject-vi-plea-for-deferring-payments-7123411.html
"June 22, 2021 06:35 PM IST",https://www.moneycontrol.com/news/business/what-does-5g-rollout-implementation-partnership-with-airtel-mean-for-tcs-7071951.html
"March 22, 2021 12:22 PM IST",https://www.moneycontrol.com/news/business/bharti-airtel-directors-panel-approves-preferential-allotment-of-36-4-million-shares-to-lmil-6676031.html
"March 12, 2021 09:34 AM IST",https://www.moneycontrol.com/news/business/moneycontrol-research/weekly-tactical-pick-airtel-6636481.html
"March 10, 2021 09:11 PM IST",https://www.moneycontrol.com/news/business/5g-spectrum-auction-unlikely-in-fy22-say-experts-6630821.html
"March 09, 2021 02:05 PM IST",https://www.moneycontrol.com/news/telecom/not-able-to-receive-otp-from-your-bank-other-smses-check-here-why-6623631.html
"March 09, 2021 09:27 AM IST",https://www.moneycontrol.com/news/telecom/dot-demands-rs-21919-crore-from-three-big-telcos-for-spectrum-bought-6622571.html
"March 03, 2021 03:10 PM IST",https://www.moneycontrol.com/news/business/heres-how-the-telecom-spectrum-auction-fared-in-2021-versus-2016-6598891.html
"March 02, 2021 10:08 PM IST",https://www.moneycontrol.com/news/business/spectrum-auction-ends-with-bids-worth-rs-77815-crore-jio-becomes-biggest-buyer-6594211.html
"February 24, 2021 01:42 PM IST",https://www.moneycontrol.com/news/business/airtel-enters-advertising-business-launches-adtech-platform-airtel-ads-6566431.html
"February 22, 2021 12:26 PM IST",https://www.moneycontrol.com/news/business/airtel-to-offer-hybrid-solutions-for-remote-and-office-work-models-report-6552051.html
"February 19, 2021 02:16 PM IST",https://www.moneycontrol.com/news/business/vodafone-lost-5-7-million-customers-in-december-indias-telecom-base-too-shrinks-6544721.html
"February 10, 2021 10:11 AM IST",https://www.moneycontrol.com/news/business/airtel-vodafone-idea-jio-buckle-up-to-bid-in-4g-spectrum-auction-6483161.html
"February 04, 2021 10:59 AM IST",https://www.moneycontrol.com/news/business/moneycontrol-research/airtel-continues-to-shine-buy-for-long-term-6445751.html
"January 28, 2021 02:57 PM IST",https://www.moneycontrol.com/news/business/airtel-demos-live-5g-service-over-commercial-network-in-hyderabad-says-network-5g-ready-6408731.html
"December 17, 2020 08:34 PM IST",https://www.moneycontrol.com/news/business/analysts-expect-mild-participation-in-upcoming-spectrum-auction-particularly-in-700mhz-band-6239611.html
"December 15, 2020 07:12 AM IST",https://www.moneycontrol.com/news/trends/current-affairs-trends/farmer-reform-laws-reliance-jio-seeks-trai-action-against-airtel-vi-for-spreading-frivolous-rumours-6226551.html
"November 13, 2020 11:25 AM IST",https://www.moneycontrol.com/news/business/startup/infeedo-raises-3-2-million-from-bling-freshworks-founders-6113781.html
"October 29, 2020 11:34 AM IST",https://www.moneycontrol.com/news/business/moneycontrol-research/excellent-numbers-from-airtel-buy-for-long-term-6031541.html
"October 23, 2020 10:05 AM IST",https://www.moneycontrol.com/news/business/moneycontrol-research/weekly-tactical-pick-airtel-valuation-looks-reasonable-6001121.html
"October 18, 2020 11:51 AM IST",https://www.moneycontrol.com/news/business/active-users-tally-reliance-jio-gains-2-5-million-subscribers-in-july-as-airtel-vil-slip-5977381.html
"October 13, 2020 09:31 AM IST",https://www.moneycontrol.com/news/india/mumbai-power-outage-affects-telecom-connectivity-water-supply-5955591.html
"September 26, 2020 08:14 PM IST",https://www.moneycontrol.com/news/business/vodafone-calls-truce-with-trai-tweaks-plans-for-redx-5889411.html
"September 19, 2020 01:40 PM IST",https://www.moneycontrol.com/news/telecom/airtel-vodafone-idea-chiefs-call-for-floor-price-lower-taxes-to-help-restore-telecom-industrys-financial-health-5859751.html
"September 08, 2020 03:14 PM IST",https://www.moneycontrol.com/news/business/dues-payment-over-10-years-not-enough-to-aid-vodafone-idea-expect-market-gains-for-airtel-jio-fitch-5812841.html
"September 07, 2020 08:16 AM IST",https://www.moneycontrol.com/news/technology/jiofiber-effect-airtel-announces-unlimited-broadband-plans-up-to-1gbps-starting-from-rs-499-5804691.html
"September 01, 2020 01:08 PM IST",https://www.moneycontrol.com/news/business/trai-gives-vodafone-idea-time-till-september-4-to-show-cause-for-redx-5782621.html
"September 01, 2020 12:31 PM IST",https://www.moneycontrol.com/news/technology/new-jio-fiber-vs-airtel-xstream-fiber-plans-which-broadband-is-better-for-you-5783811.html
"August 26, 2020 04:31 PM IST",https://www.moneycontrol.com/news/business/rs-100-per-gb-for-mobile-data-airtel-chairman-sunil-mittal-says-yes-5758491.html
"August 25, 2020 07:27 AM IST",https://www.moneycontrol.com/news/business/companies/telecom-sector-could-be-reduced-to-2-companies-warns-bharti-airtels-sunil-mittal-5750331.html
"August 19, 2020 10:06 AM IST",https://www.moneycontrol.com/news/telecom/trai-asks-airtel-vodafone-idea-to-submit-pending-data-post-priority-plan-presentation-5726091.html
"August 11, 2020 09:55 AM IST",https://www.moneycontrol.com/news/business/moneycontrol-research/as-the-world-shifts-online-which-telco-to-bet-on-5680581.html
"August 05, 2020 09:47 PM IST",https://www.moneycontrol.com/news/business/bharati-airtel-and-amazon-web-services-partner-to-accelerate-digital-transformation-in-india-5650411.html
"July 14, 2020 05:56 PM IST",https://www.moneycontrol.com/news/technology/verizon-partners-with-bharti-airtel-to-launch-airtel-bluejeans-in-india-5547431.html
"June 07, 2020 06:44 PM IST",https://www.moneycontrol.com/news/business/markets/top-10-firms-add-rs-2-46-lakh-crore-in-market-cap-ril-biggest-gainer-5371571.html
"May 26, 2020 04:39 PM IST",https://www.moneycontrol.com/news/business/airtel-payments-bank-mastercard-team-up-to-develop-customised-financial-products-for-farmers-smes-5316431.html
"May 07, 2020 08:52 PM IST",https://www.moneycontrol.com/news/india/staff-visiting-customer-to-maintain-highest-level-of-hygiene-ensure-contactless-experience-airtel-ceo-gopal-vittal-5238431.html
"April 15, 2020 02:02 PM IST",https://www.moneycontrol.com/news/business/companies/airtel-appoints-rahul-vatts-as-chief-regulatory-officer-5149271.html
"April 15, 2020 09:48 AM IST",https://www.moneycontrol.com/news/business/moneycontrol-research/bharti-airtel-one-of-the-few-beneficiaries-of-covid-19-5147811.html
"March 17, 2020 05:28 PM IST",https://www.moneycontrol.com/news/trends/working-from-home-here-are-the-best-broadband-plans-5042071.html
"February 20, 2020 08:07 AM IST",https://www.moneycontrol.com/news/business/sunil-mittal-km-birla-meet-fm-sitharaman-as-agr-crisis-looms-over-telecom-sector-4961161.html
"February 19, 2020 09:36 AM IST",https://www.moneycontrol.com/news/business/dot-may-ask-airtel-to-clear-videocons-agr-dues-report-4957741.html
"February 16, 2020 07:18 PM IST",https://www.moneycontrol.com/news/telecom/airtel-vodafone-idea-tata-tele-likely-to-pay-agr-dues-on-monday-dot-sources-4949971.html
"February 14, 2020 02:05 PM IST",https://www.moneycontrol.com/news/business/moneycontrol-research/supreme-court-on-agr-voda-idea-survival-is-difficult-airtel-and-jio-to-gain-4945441.html
"February 11, 2020 09:49 PM IST",https://www.moneycontrol.com/news/india/tata-sky-to-hike-minimum-recharge-amount-by-150-report-4932831.html
"February 04, 2020 03:17 PM IST",https://www.moneycontrol.com/news/technology/airtel-digital-tv-users-complain-about-service-resolution-error-message-change-in-subscriber-details-4903151.html
"January 28, 2020 04:16 PM IST",https://www.moneycontrol.com/news/business/dgft-blacklists-bharti-airtel-following-non-fulfillment-of-export-obligations-report-4869161.html
"January 20, 2020 02:32 PM IST",https://www.moneycontrol.com/news/technology/reliance-jio-vodafone-idea-airtel-annual-prepaid-plans-heres-how-they-stack-up-4834231.html
"January 15, 2020 01:49 PM IST",https://www.moneycontrol.com/news/technology/list-of-smartphones-that-support-free-wi-fi-calling-on-jio-and-airtel-4818911.html
"January 10, 2020 02:38 PM IST",https://www.moneycontrol.com/news/business/companies/china-mobile-looking-at-india-entry-approaches-vodafone-idea-airtel-report-4804411.html
"January 07, 2020 05:03 PM IST",https://www.moneycontrol.com/news/business/companies/after-airtel-reliance-jio-rolls-out-its-voice-calling-over-wifi-networks-feature-4793191.html
"December 29, 2019 08:12 PM IST",https://www.moneycontrol.com/news/business/airtel-raises-minimum-recharge-for-pre-paid-users-4769501.html
"December 16, 2019 06:48 PM IST",https://www.moneycontrol.com/news/technology/new-mnp-rules-to-be-valid-starting-today-heres-everything-you-should-know-4735321.html
"December 07, 2019 08:29 PM IST",https://www.moneycontrol.com/news/business/airtel-removes-cap-on-free-outgoing-call-to-other-networks-4708931.html
"December 07, 2019 03:29 PM IST",https://www.moneycontrol.com/news/business/bharti-airtel-to-gain-at-cost-of-vodafone-idea-say-brokerages-4708121.html
"November 25, 2019 03:10 PM IST",https://www.moneycontrol.com/news/business/airtel-boosts-airtel-x-labs-portfolio-with-quikmile-acquihire-4671281.html
"November 21, 2019 07:05 PM IST",https://www.moneycontrol.com/news/business/moneycontrol-research/green-shoots-in-the-telecom-sector-4656791.html
"November 19, 2019 08:37 PM IST",https://www.moneycontrol.com/news/business/companies/reliance-jio-sees-jump-in-subscribers-in-september-vodafone-idea-and-airtel-register-massive-fall-4654341.html
"November 19, 2019 09:10 PM IST",https://www.moneycontrol.com/news/business/after-airtel-vodafone-idea-reliance-jio-to-hike-mobile-tariffs-4654441.html
"November 16, 2019 11:24 AM IST",https://www.moneycontrol.com/news/business/govt-intends-to-address-concerns-of-telecom-sector-says-sitharaman-4645331.html
"November 15, 2019 07:59 PM IST",https://www.moneycontrol.com/news/podcast/corporate-buzz-podcast-essar-steel-verdict-more-trouble-for-vodafone-idea-and-airtel-and-the-singh-brothers-saga-4644281.html
"October 25, 2019 06:38 PM IST",https://www.moneycontrol.com/news/business/corporate-buzz-podcast-infosys-whistleblower-mess-rs-92000-cr-burden-on-telcos-and-indigos-worst-quarter-4576061.html
"October 15, 2019 01:28 PM IST",https://www.moneycontrol.com/news/business/mobile-tariffs-unsustainable-need-to-go-up-airtel-india-ceo-gopal-vittal-4534731.html
"September 06, 2019 11:28 AM IST",https://www.moneycontrol.com/news/business/jiofiber-launch-how-jios-latest-offer-fares-against-competition-4408621.html
"September 02, 2019 08:21 PM IST",https://www.moneycontrol.com/news/business/airtel-consolidates-home-entertainment-offerings-under-xstream-4396421.html
"August 02, 2019 06:29 PM IST",https://www.moneycontrol.com/news/telecom/airtel-to-shut-down-3g-network-across-india-by-march-evaluates-opportunities-on-fibre-monetisation-4284221.html
"July 16, 2019 05:59 PM IST",https://www.moneycontrol.com/news/business/companies/tata-tops-the-100-most-valuable-indian-brands-chart-lic-and-infosys-follow-report-4209631.html
"June 24, 2019 06:59 PM IST",https://www.moneycontrol.com/news/telecom/airtel-africa-receives-pre-ipo-interest-worth-about-200-million-bookrunner-4132121.html
"May 29, 2019 02:33 PM IST",https://www.moneycontrol.com/news/business/companies/airtel-africas-ipo-related-registration-document-gets-uk-fca-nod-4037521.html
"May 15, 2019 09:06 AM IST",https://www.moneycontrol.com/news/trends/airtel-post-paid-plans-minimum-tariff-now-starts-at-rs-499-3971751.html
"April 22, 2019 09:38 AM IST",https://www.moneycontrol.com/news/business/markets/d-street-buzz-omcs-take-a-beating-amid-jump-in-crude-oil-prices-bharti-airtel-falls-2-3865561.html
"April 08, 2019 07:08 PM IST",https://www.moneycontrol.com/news/business/bharti-airtel-gets-sebi-nod-for-rs-24000-crore-rights-issue-3785491.html
"February 21, 2019 01:38 PM IST",https://www.moneycontrol.com/news/business/moneycontrol-research/jio-continues-to-capture-market-share-bharti-vodafone-idea-cede-ground-in-december-3566721.html
"February 14, 2019 04:44 PM IST",https://www.moneycontrol.com/news/trends/jio-is-back-at-it-again-trolls-competitors-on-valentines-day-3536881.html
"February 06, 2019 07:13 PM IST",https://www.moneycontrol.com/news/india/trai-issues-showcause-notice-to-airtel-over-recent-dth-disruption-3494131.html
"January 11, 2019 12:39 PM IST",https://www.moneycontrol.com/news/business/markets/d-street-buzz-infra-realty-stocks-fall-led-by-bharti-airtel-unitech-tata-motors-sheds-2-3378611.html
"November 22, 2018 01:14 PM IST",https://www.moneycontrol.com/news/business/vodafone-idea-to-hike-minimum-recharge-tariffs-to-address-negative-free-cash-issue-3208251.html
"September 06, 2018 10:12 PM IST",https://www.moneycontrol.com/news/technology/airtel-payments-bank-offers-card-less-cash-withdrawal-facility-at-select-atms-2926741.html
"September 04, 2018 11:31 AM IST",https://www.moneycontrol.com/news/business/must-focus-on-growing-our-market-share-bharti-airtel-ceo-gopal-vittal-tells-staff-2913841.html
"August 29, 2018 06:41 PM IST",https://www.moneycontrol.com/news/business/airtel-payments-bank-cuts-interest-rate-to-4-percent-on-savings-account-effective-sep-1-2895591.html
"August 27, 2018 04:38 PM IST",https://www.moneycontrol.com/news/business/companies/airtel-offers-three-months-netflix-subscription-for-free-2885711.html
"August 22, 2018 09:58 PM IST",https://www.moneycontrol.com/news/telecom/airtel-starts-international-roaming-service-for-rs-196-onward-2870201.html
"August 13, 2018 07:26 PM IST",https://www.moneycontrol.com/news/india/incumbent-telecom-profit-halve-in-3-years-margins-fall-1000-bps-2838781.html
"August 08, 2018 02:30 PM IST",https://www.moneycontrol.com/news/economy/policy/exclusive-trai-to-seek-views-on-shift-to-internet-networks-to-phase-out-legacy-systems-2818941.html
"July 18, 2018 09:14 PM IST",https://www.moneycontrol.com/news/business/companies/airtel-chairman-sunil-mittals-pay-remains-almost-flat-md-gopal-vittals-rises-by-37-in-fy18-2731911.html
"June 26, 2018 09:48 PM IST",https://www.moneycontrol.com/news/business/ajay-chitkara-appointed-ceo-of-airtel-business-2638031.html
"June 26, 2018 04:03 PM IST",https://www.moneycontrol.com/news/business/fitch-retains-airtels-ratings-at-bbb-outlook-stable-2635271.html
"June 20, 2018 02:47 PM IST",https://www.moneycontrol.com/news/business/hdfc-bank-asks-executive-to-dont-engage-customer-further-and-assign-if-ranting-on-twitter-query-2610111.html
"June 20, 2018 12:33 PM IST",https://www.moneycontrol.com/news/trends/current-affairs-trends/omar-abdullah-slams-trolls-sending-hate-tweets-to-airtel-user-who-sought-a-hindu-representative-2609381.html
"June 14, 2018 09:52 AM IST",https://www.moneycontrol.com/news/business/rcom-group-head-count-falls-94-to-3400-people-2589999.html
"May 20, 2018 07:36 PM IST",https://www.moneycontrol.com/news/business/dot-seeks-reply-from-airtel-on-apple-watch-esim-service-by-may-24-2571937.html
"May 16, 2018 09:12 PM IST",https://www.moneycontrol.com/news/business/airtel-to-lay-off-section-of-telenor-staff-post-merger-2570029.html
"May 10, 2018 08:18 PM IST",https://www.moneycontrol.com/news/india/hc-modifies-interim-order-asking-airtel-to-change-disclaimer-of-its-ipl-commercials-2566457.html
"May 10, 2018 04:09 PM IST",https://www.moneycontrol.com/news/business/dot-says-bharti-telenor-deal-clearance-in-a-mth-sees-voda-idea-merger-nod-before-june-2566259.html
"May 09, 2018 12:23 PM IST",https://www.moneycontrol.com/news/business/market-update-psu-banks-drag-as-sbi-pnb-shed-1-jubilant-food-most-active-tata-motors-jumps-3-2565325.html
"May 06, 2018 01:02 PM IST",https://www.moneycontrol.com/news/business/companies/podcast-telecom-wars-a-new-hope-for-airtel-in-africa-2563469.html
"May 06, 2018 01:24 PM IST",https://www.moneycontrol.com/news/business/ntps-100-billion-investment-estimate-conservative-says-coai-2563465.html
"April 12, 2018 04:58 PM IST",https://www.moneycontrol.com/news/business/tdsat-has-asked-dot-to-clear-airtel-telenor-merger-without-bg-bharti-2547841.html
"March 28, 2018 06:47 PM IST",https://www.moneycontrol.com/news/business/telcos-pre-tax-losses-widen-to-rs-38153-crore-in-2016-17-2538719.html
"March 09, 2018 07:03 PM IST",https://www.moneycontrol.com/news/business/companies/rbi-fines-airtel-payments-bank-rs-5-crore-for-violation-of-kyc-norms-2524923.html
"March 06, 2018 09:26 PM IST",https://www.moneycontrol.com/news/business/airtel-acquires-india-leg-of-gulf-bridge-international-submarine-cable-2522181.html
"February 28, 2018 10:29 PM IST",https://www.moneycontrol.com/news/business/airtel-africas-value-should-be-much-more-than-usd-7-billion-akhil-gupta-2518561.html
"February 07, 2018 03:59 PM IST",https://www.moneycontrol.com/news/business/hike-airtel-ally-to-embed-total-on-affordable-smartphones-2502177.html
"January 24, 2018 02:22 PM IST",https://www.moneycontrol.com/news/india/woman-complains-her-aadhaar-was-linked-to-9-mobile-numbers-uidai-replies-at-least-you-know-now-2490119.html
"January 11, 2018 02:09 PM IST",https://www.moneycontrol.com/news/business/uidai-allows-airtel-aadhaar-based-verification-till-march-31-2480993.html
"December 22, 2017 08:03 PM IST",https://www.moneycontrol.com/news/business/startup/startup-ivr-5-qs-to-ask-when-buying-cloud-telephony-for-your-business-2467061.html
"December 22, 2017 07:31 PM IST",https://www.moneycontrol.com/news/business/airtel-payments-bank-head-shashi-arora-quits-2467519.html
"December 21, 2017 08:40 PM IST",https://www.moneycontrol.com/news/business/uidai-allows-airtel-to-do-ekyc-till-january-10-with-riders-2466675.html
"December 18, 2017 12:48 PM IST",https://www.moneycontrol.com/news/india/government-to-overhaul-the-process-of-linking-aadhaar-with-dbt-accounts-2463489.html
"November 29, 2017 10:43 AM IST",https://www.moneycontrol.com/news/telecom/airtel-ready-for-acquisition-talks-with-aircel-sunil-mittal-2449713.html
"November 24, 2017 11:42 AM IST",https://www.moneycontrol.com/news/telecom/telecom-sectors-serial-purchaser-airtel-now-interested-in-buying-rcoms-spectrum-2446245.html
"November 01, 2017 11:00 PM IST",https://www.moneycontrol.com/news/business/companies/bharti-airtel-to-spend-nearly-4-billion-in-quest-to-get-ahead-in-telecom-war-2426491.html
"November 01, 2017 08:15 PM IST",https://www.moneycontrol.com/news/business/best-indian-brands-2017-tata-tops-the-list-for-the-fifth-time-reliance-industries-and-airtel-follow-2426107.html
"October 16, 2017 07:22 PM IST",https://www.moneycontrol.com/news/technology/iphone-7-at-rs-7777-down-payment-from-airtel-online-store-2414229.html
"October 12, 2017 04:48 PM IST",https://www.moneycontrol.com/news/trends/features/own-multiple-bank-accounts-heres-why-you-need-airtel-payments-bank-upi-2410663.html
"September 27, 2017 12:49 PM IST",https://www.moneycontrol.com/news/business/high-taxes-spectrum-cost-iuc-cut-impacting-industry-old-telcos-2398987.html
"September 26, 2017 08:54 PM IST",https://www.moneycontrol.com/news/telecom/airtel-deploys-5g-capable-tech-promises-faster-data-speeds-2398497.html
"September 08, 2017 03:07 PM IST",https://www.moneycontrol.com/news/telecom/cag-bomb-telecom-sector-waiting-to-explode-2382489.html
"August 08, 2017 01:35 PM IST",https://www.moneycontrol.com/news/business/airtel-sells-6-7-cr-bharti-infratel-shares-for-rs-2570-cr-2353557.html
"August 04, 2017 12:44 PM IST",https://www.moneycontrol.com/news/telecom/jio-effect-telecom-sector-consolidating-into-a-5-player-market-2349841.html
"July 26, 2017 12:18 PM IST",https://www.moneycontrol.com/news/business/as-new-tech-enables-cheaper-voice-its-ridiculous-for-telcos-to-ask-for-higher-iuc-2336057.html
"July 26, 2017 08:53 AM IST",https://www.moneycontrol.com/news/business/opensignal-contests-trai-4g-test-method-rates-airtel-fastest-2335817.html
"July 17, 2017 08:12 PM IST",https://www.moneycontrol.com/news/trends/current-affairs-trends/heres-how-payments-banks-will-make-money-without-lending-2327891.html
"June 16, 2017 02:56 PM IST",https://www.moneycontrol.com/news/business/govt-policy-should-allow-telcos-to-cover-costs-idea-cellular-2306053.html
"June 14, 2017 10:35 PM IST",https://www.moneycontrol.com/news/business/companies/telecom-firms-under-stress-can-default-on-loans-banks-tell-panel-2304341.html
"June 08, 2017 02:59 PM IST",https://www.moneycontrol.com/news/business/indian-4g-speed-lowest-in-the-world-open-signal-report-2300079.html
"May 31, 2017 03:18 PM IST",https://www.moneycontrol.com/news/trends/current-affairs-trends/vodafone-in-hc-against-trai-penalty-recommendation-2293607.html
"May 04, 2017 04:22 PM IST",https://www.moneycontrol.com/news/business/facebook-rolls-out-express-wi-fi-in-india-partners-airtel-2271221.html
"May 02, 2017 08:43 AM IST",https://www.moneycontrol.com/news/business/penalty-on-telcos-trai-reply-to-dot-this-month-in-jio-case-2268559.html
"April 15, 2017 02:59 PM IST",https://www.moneycontrol.com/news/business/companies/airtel-extends-free-10-gb-offer-for-3-months-2258637.html
"April 13, 2017 05:03 PM IST",https://www.moneycontrol.com/news/business/companies/airtel-moves-tdsat-on-jio-delay-in-withdrawing-summer-offer-2258251.html
"April 11, 2017 10:05 PM IST",https://www.moneycontrol.com/news/business/companies/jio-brings-new-offer-for-prime-members-airtel-sees-red-2256989.html
"April 10, 2017 10:00 AM IST",https://www.moneycontrol.com/news/business/companies/nokia-signs-mous-with-airtel-and-bsnl-to-bring-5g-network-in-india-2255549.html
"April 10, 2017 08:54 AM IST",https://www.moneycontrol.com/news/business/airtel-vodafone-idea-saw-most-billing-complaints-in-october-december-2255365.html
"April 06, 2017 07:26 PM IST",https://www.moneycontrol.com/news/business/markets/airtel-shows-v-p-pallab-mitra-the-door-2254209.html
"April 05, 2017 07:06 PM IST",https://www.moneycontrol.com/news/business/2g-service-quality-of-3-telcos-below-trai-norms-in-dec-quarter-2253399.html
"April 04, 2017 08:53 PM IST",https://www.moneycontrol.com/news/business/markets/aditya-birla-group-gets-rbi-licence-to-start-payments-bank-2252647.html
"April 01, 2017 02:31 PM IST",https://www.moneycontrol.com/news/business/jio-extends-prime-offer-to-april-15-here-are-membership-benefits-you-can-still-avail-2251199.html
"March 31, 2017 10:55 PM IST",https://www.moneycontrol.com/news/business/economy/fino-paytech-gets-final-nod-to-set-up-payments-bank-2250919.html
"March 29, 2017 08:40 AM IST",https://www.moneycontrol.com/news/business/stocks/buy-sell-hold-these-3-stocks-are-on-analysts-radar-do-you-have-them-in-your-portfolio-2248699.html
"March 24, 2017 07:00 PM IST",https://www.moneycontrol.com/news/business/companies/to-woo-hesitant-customers-jio-now-offering-cashback-on-prime-membership-2246899.html
"March 24, 2017 08:04 AM IST",https://www.moneycontrol.com/news/business/stocks/caution-tvs-motor-gail-idea-among-5-stocks-global-brokerages-recommend-sell-2245979.html
"March 20, 2017 04:50 PM IST",https://www.moneycontrol.com/news/business/tv-in-train-railways-to-bring-to-you-movies-shows-while-you-travel-2243347.html
"February 28, 2017 08:22 PM IST",https://www.moneycontrol.com/news/business/economy/will-offer-viewsspectrum-auction-when-govt-asks-trai-1033903.html
"February 28, 2017 09:39 AM IST",https://www.moneycontrol.com/news/business/companies/have-few-solid-operators-encourage-consolidation-mittal-1034184.html
"February 24, 2017 07:16 PM IST",https://www.moneycontrol.com/news/business/stocks/brokerages-cheer-bharti-telenors-dealflag-sector-issues-1034768.html
"February 16, 2017 11:00 AM IST",https://www.moneycontrol.com/news/business/companies/jio-row-trai-unlikely-to-budgeheavy-fine-for-telcos-1003881.html
"January 31, 2017 07:41 AM IST",https://www.moneycontrol.com/news/business/companies/india-post-payments-bank-starts-pilot-services-950827.html
"January 03, 2017 08:14 PM IST",https://www.moneycontrol.com/news/business/companies/paytm-gets-rbi-approval-for-payments-bank-942570.html
"December 14, 2016 08:41 PM IST",https://www.moneycontrol.com/news/business/companies/airtel-payments-bank-launches-pilot-serviceandhra-telangana-927152.html
"December 06, 2016 07:13 PM IST",https://www.moneycontrol.com/news/business/companies/airtel-africa-coo-ragunath-mandava-elevated-as-md-ceo-918031.html
"October 24, 2016 07:33 PM IST",https://www.moneycontrol.com/news/business/companies/idea-airtel-downto-4-as-trai-asks-dot-to-impose-fine-954828.html
"October 24, 2016 07:47 AM IST",https://www.moneycontrol.com/news/business/companies/coai-dismayed-over-finetelcos-takes-hands-off-approach-955120.html
"September 27, 2016 07:54 AM IST",https://www.moneycontrol.com/news/business/companies/telco-war-rjio-makes-live-operator-wise-call-drop-data-961775.html
"September 21, 2016 07:51 AM IST",https://www.moneycontrol.com/news/business/companies/jio-hits-out-at-airtel-says-10-cr-calls-failingday-963461.html
"August 08, 2016 07:09 PM IST",https://www.moneycontrol.com/news/business/companies/airtel-moves-delhi-hc-seeks-rs-3000-crore-licence-fee-refund-974524.html
"July 08, 2016 10:15 PM IST",https://www.moneycontrol.com/news/business/companies/freeze-aircel-spectrum-stop-dealairtel-rcom-bhushan-983643.html
"June 13, 2016 10:08 PM IST",https://www.moneycontrol.com/news/business/companies/airtel-voda-meet-call-drop-normbhopalothers-failed-trai-990534.html
"June 02, 2016 10:18 PM IST",https://www.moneycontrol.com/news/business/companies/operators-question-trais-test-resultscall-drops-992991.html
"May 24, 2016 06:16 PM IST",https://www.moneycontrol.com/news/business/companies/tech-mahindra-not-to-pursue-payments-bank-operations-996249.html
"April 12, 2016 09:02 PM IST",https://www.moneycontrol.com/news/business/economy/top-telcos-gsm-mobile-customers-base-hits-774-mn-coai-1023229.html
"April 05, 2016 05:24 PM IST",https://www.moneycontrol.com/news/business/companies/airtel-expands-4g-services-to-40-townsaptelangana-1024784.html
"March 26, 2016 04:48 PM IST",https://www.moneycontrol.com/news/business/companies/trai-asks-dot-to-roll-out-telecom-infra-at-andamans-lakshadweep-1027051.html
"March 21, 2016 02:01 PM IST",https://www.moneycontrol.com/news/business/markets/sensex-nifty-continue-to-rise-hul-gains-2-hero-falls-1-1028051.html
"March 16, 2016 05:20 PM IST",https://www.moneycontrol.com/news/business/companies/about-81k-complaints-against-telcos2015-prasad-1029025.html
"February 10, 2016 10:23 PM IST",https://www.moneycontrol.com/news/business/companies/telenor-to-take-final-callspectrum-auction-after-pricing-1041693.html
"February 06, 2016 02:57 PM IST",https://www.moneycontrol.com/news/trends/current-affairs/telcos-to-contest-trai-viewsauction-pricing-before-dot-1043163.html
"January 22, 2016 06:25 PM IST",https://www.moneycontrol.com/news/business/wire-news/dr-jawahar-surisetti-createsecosystem-for-girl-child-education-1048200.html
"January 14, 2016 10:25 PM IST",https://www.moneycontrol.com/news/business/companies/telcos-responsedifferential-pricing-vague-mp-chandrasekhar-1050326.html
"December 14, 2015 10:20 AM IST",https://www.moneycontrol.com/news/business/wire-news/rideyogi-brings-assured-qualitytransparent-buying-process-for-people-seeking-to-purchase-used-bikes-1471579.html
"December 06, 2015 06:23 PM IST",https://www.moneycontrol.com/news/business/companies/shemaroo-partners-dth-players-to-launch-miniplex-1490313.html
"December 02, 2015 06:23 PM IST",https://www.moneycontrol.com/news/business/economy/it-cos-invoke-alternate-plans-as-rain-hits-chennai-ops-1499955.html
"November 09, 2015 06:51 PM IST",https://www.moneycontrol.com/news/business/companies/apple-takes-lions-share4g-handset-marketindia-1449803.html
"September 23, 2015 10:34 PM IST",https://www.moneycontrol.com/news/business/companies/paytm-plans-to-launch-payments-bank-by-march-1504325.html
"September 23, 2015 11:05 AM IST",https://www.moneycontrol.com/news/business/wire-news/lycosapollo-launch-new-e-commerce-initiative-1507467.html
"September 17, 2015 09:01 PM IST",https://www.moneycontrol.com/news/business/companies/over-17000-sites-still-have-more-than-3-call-drop-rate-1427045.html
"August 21, 2015 01:13 PM IST",https://www.moneycontrol.com/news/business/economy/payment-banks-how-it-will-revolutionise-money-movement-1495527.html
"August 20, 2015 01:36 PM IST",https://www.moneycontrol.com/news/business/companies/quick-guide-whatindias-payment-banks-1499459.html
"September 02, 2015 12:04 PM IST",https://www.moneycontrol.com/news/trends/current-affairs-trends/5-things-you-need-to-know-about-dots-net-neutrality-recos-1463237.html
"July 06, 2015 10:00 AM IST",https://www.moneycontrol.com/news/business/companies/dot-panel-against-internetorg-okairtel-zero-1440453.html
"June 02, 2015 07:33 PM IST",https://www.moneycontrol.com/news/trends/current-affairs-trends/panel-reportnet-neutrality-to-be-made-public-soon-1559559.html
"June 02, 2015 05:15 PM IST",https://www.moneycontrol.com/news/business/companies/face-disincentives-for-call-drops-prasad-to-telcos-1560931.html
"May 28, 2015 09:41 PM IST",https://www.moneycontrol.com/news/business/companies/telcos-oppose-trai-proposalmobile-data-connection-1432403.html
"May 14, 2015 11:30 AM IST",https://www.moneycontrol.com/news/business/cnbc-tv18-comments/sc-dismisses-telcos-plealicence-extension-1470253.html
"April 15, 2015 04:13 PM IST",https://www.moneycontrol.com/news/trends/current-affairs/internetorg-can-co-existnet-neutrality-zuckerberg-1063855.html
"April 13, 2015 10:17 PM IST",https://www.moneycontrol.com/news/trends/current-affairs/net-neutrality-battle-to-saveinternet-heats-up-1066341.html
"April 07, 2015 06:50 PM IST",https://www.moneycontrol.com/news/business/companies/xiaomi-no-more-exclusive-to-flipkart-1074853.html
"March 16, 2015 02:54 PM IST",https://www.moneycontrol.com/news/business/stocks/top-telcos-may-continue-to-bid-aggressively-india-ratings-1145741.html
"March 04, 2015 01:35 PM IST",https://www.moneycontrol.com/news/business/markets/nifty-hovers-around-9050-sensex-firm-itc-gains-2-1166825.html
"February 25, 2015 05:25 PM IST",https://www.moneycontrol.com/news/business/companies/lg-samsung-mobiles-top-2-trusted-brandsindia-report-1189881.html
"February 24, 2015 10:06 PM IST",https://www.moneycontrol.com/news/business/companies/groupm-bags-rights-to-manage-airtels-media-account-1192777.html
"February 24, 2015 07:39 PM IST",https://www.moneycontrol.com/news/business/companies/airtel-bsnl-to-sign-pan-india-intra-circle-roaming-pact-1193429.html
"February 11, 2015 09:06 PM IST",https://www.moneycontrol.com/news/business/economy/payment-bank-mahindra-financetalksifc-for-jv-1245023.html
"November 04, 2014 05:07 PM IST",https://www.moneycontrol.com/news/business/companies/airtel-to-hike-post-paid-rentals-by-about-12dec-1574309.html
"October 13, 2014 09:01 AM IST",https://www.moneycontrol.com/news/business/companies/india-can-betough-market-for-googles-androidone-1549463.html
"February 28, 2014 08:44 AM IST",https://www.moneycontrol.com/news/business/companies/nigeria-says-fines-airtel-others-for-poor-service-1113347.html
"February 06, 2014 08:37 PM IST",https://www.moneycontrol.com/news/business/companies/third-time-lucky-why-spectrum-sale-is-working-this-time-1203635.html
"January 29, 2014 10:20 AM IST",https://www.moneycontrol.com/news/business/markets/sensexover-100-pts-maruti-gains-6-bharti-adds-2-1243687.html
"January 21, 2014 02:20 PM IST",https://www.moneycontrol.com/news/business/markets/bse-sensex-flat-bank-nifty1-kotak-mah-bank-falls-2-1268783.html
"January 06, 2014 10:32 PM IST",https://www.moneycontrol.com/news/business/companies/trai-wants-dot-to-relax-auction-terms-for-telecom-operators-1325873.html
"December 09, 2013 04:50 PM IST",https://www.moneycontrol.com/news/technology/airtel-to-contribute-to-punjab039s-digital-inclusion-agenda-1413311.html
"November 19, 2013 12:42 PM IST",https://www.moneycontrol.com/news/business/companies/trai-for-fresh-process-for-cdma-spectrum-1574103.html
"November 12, 2013 08:57 PM IST",https://www.moneycontrol.com/news/business/companies/telecom-egom-to-discuss-ma-rules-auctionsnov-22-1581935.html
"November 11, 2013 10:10 AM IST",https://www.moneycontrol.com/news/trends/current-affairs-trends/mobile-tariffs-may-goevery-year-vodafone-md-1600545.html
"October 16, 2013 05:42 PM IST",https://www.moneycontrol.com/news/business/companies/gsm-mobile-companies-added-44-lakh-new-customerssept-1590921.html
"October 14, 2013 10:40 PM IST",https://www.moneycontrol.com/news/business/companies/airtel-rcom-to-start-selling-iphone-5c-5snov-1-1594005.html
"October 03, 2013 10:01 PM IST",https://www.moneycontrol.com/news/business/companies/-1617135.html
"October 03, 2013 03:39 PM IST",https://www.moneycontrol.com/news/business/companies/-1618195.html
"September 27, 2013 05:30 PM IST",https://www.moneycontrol.com/news/business/companies/-1636627.html
"August 30, 2013 12:54 PM IST",https://www.moneycontrol.com/news/business/companies/-1628383.html
"August 21, 2013 11:26 AM IST",https://www.moneycontrol.com/news/business/stocks/-1670243.html
"August 17, 2013 01:53 PM IST",https://www.moneycontrol.com/news/business/companies/-1584965.html
"August 13, 2013 05:06 PM IST",https://www.moneycontrol.com/news/business/companies/-1596551.html
"July 09, 2013 09:46 AM IST",https://www.moneycontrol.com/news/business/companies/-1746013.html
"July 05, 2013 12:37 PM IST",https://www.moneycontrol.com/news/business/companies/-1762701.html
"July 04, 2013 06:35 PM IST",https://www.moneycontrol.com/news/business/companies/-1766337.html
"June 21, 2013 12:45 PM IST",https://www.moneycontrol.com/news/business/companies/-1652917.html
"June 20, 2013 03:59 PM IST",https://www.moneycontrol.com/news/business/markets/-1659699.html
"May 27, 2013 04:25 PM IST",https://www.moneycontrol.com/news/business/companies/-1798639.html
"May 24, 2013 10:57 PM IST",https://www.moneycontrol.com/news/business/companies/-1807049.html
"April 15, 2013 09:28 AM IST",https://www.moneycontrol.com/news/business/companies/-1079647.html
"April 11, 2013 04:05 PM IST",https://www.moneycontrol.com/news/business/companies/-1087115.html
"March 20, 2013 05:35 PM IST",https://www.moneycontrol.com/news/technology/-1170773.html
"March 16, 2013 11:45 AM IST",https://www.moneycontrol.com/news/technology/-1190693.html
"March 08, 2013 09:18 AM IST",https://www.moneycontrol.com/news/business/companies/-1237831.html
"February 26, 2013 12:05 PM IST",https://www.moneycontrol.com/news/technology/-1303313.html
"February 08, 2013 10:17 AM IST",https://www.moneycontrol.com/news/business/companies/-1420295.html
"January 29, 2013 11:15 AM IST",https://www.moneycontrol.com/news/technology/-1703559.html
"January 23, 2013 04:25 PM IST",https://www.moneycontrol.com/news/technology/-1740321.html
"January 21, 2013 05:40 PM IST",https://www.moneycontrol.com/news/technology/-1760247.html
"January 19, 2013 01:55 PM IST",https://www.moneycontrol.com/news/technology/-1772009.html
"January 14, 2013 04:25 PM IST",https://www.moneycontrol.com/news/technology/-1646935.html
"January 14, 2013 01:50 PM IST",https://www.moneycontrol.com/news/technology/-1649223.html
"January 14, 2013 11:30 AM IST",https://www.moneycontrol.com/news/technology/-1651095.html
"January 11, 2013 10:29 PM IST",https://www.moneycontrol.com/news/business/companies/-1661275.html
"January 09, 2013 08:47 PM IST",https://www.moneycontrol.com/news/business/companies/-1684425.html
"January 10, 2013 09:10 AM IST",https://www.moneycontrol.com/news/business/companies/-1682725.html
"December 26, 2012 03:25 PM IST",https://www.moneycontrol.com/news/technology/-1781533.html
"December 22, 2012 06:25 PM IST",https://www.moneycontrol.com/news/technology/-1797131.html
"December 22, 2012 05:30 PM IST",https://www.moneycontrol.com/news/business/companies/-1797485.html
"December 15, 2012 04:15 PM IST",https://www.moneycontrol.com/news/technology/-1682241.html
"December 14, 2012 12:50 PM IST",https://www.moneycontrol.com/news/technology/-1690091.html
"December 05, 2012 02:50 PM IST",https://www.moneycontrol.com/news/technology/-1756029.html
"November 29, 2012 09:09 AM IST",https://www.moneycontrol.com/news/business/companies/-1803225.html
"November 27, 2012 02:35 PM IST",https://www.moneycontrol.com/news/trends/features/-1813375.html
"November 22, 2012 10:42 PM IST",https://www.moneycontrol.com/news/business/companies/-1669159.html
"November 21, 2012 09:45 AM IST",https://www.moneycontrol.com/news/technology/-1687751.html
"November 07, 2012 05:10 PM IST",https://www.moneycontrol.com/news/business/companies/-1790083.html
"November 02, 2012 06:20 PM IST",https://www.moneycontrol.com/news/technology/-1829253.html
"November 01, 2012 11:25 AM IST",https://www.moneycontrol.com/news/technology/-1845729.html
"October 31, 2012 06:45 PM IST",https://www.moneycontrol.com/news/technology/-1852751.html
"October 29, 2012 04:10 PM IST",https://www.moneycontrol.com/news/technology/-1878027.html
"October 23, 2012 10:38 PM IST",https://www.moneycontrol.com/news/business/companies/-1915309.html
"October 20, 2012 05:00 PM IST",https://www.moneycontrol.com/news/technology/-1938653.html
"October 18, 2012 02:40 PM IST",https://www.moneycontrol.com/news/technology/-1959957.html
"October 15, 2012 10:30 PM IST",https://www.moneycontrol.com/news/business/companies/-1986905.html
"October 15, 2012 10:15 AM IST",https://www.moneycontrol.com/news/technology/-1996537.html
"October 12, 2012 03:14 PM IST",https://www.moneycontrol.com/news/business/companies/-2007915.html
"October 04, 2012 04:45 PM IST",https://www.moneycontrol.com/news/technology/-1866769.html
"October 03, 2012 03:50 PM IST",https://www.moneycontrol.com/news/technology/-1879475.html
"October 03, 2012 11:30 AM IST",https://www.moneycontrol.com/news/technology/-1883711.html
"October 01, 2012 06:15 PM IST",https://www.moneycontrol.com/news/technology/-1891081.html
"October 01, 2012 04:15 PM IST",https://www.moneycontrol.com/news/technology/-1892159.html
"September 29, 2012 06:50 PM IST",https://www.moneycontrol.com/news/technology/-1900817.html
"September 25, 2012 08:41 PM IST",https://www.moneycontrol.com/news/business/companies/-1935937.html
"September 14, 2012 02:12 PM IST",https://www.moneycontrol.com/news/business/companies/-2015981.html
"September 14, 2012 08:23 AM IST",https://www.moneycontrol.com/news/business/companies/-2021763.html
"September 13, 2012 04:05 PM IST",https://www.moneycontrol.com/news/technology/-2026807.html
"September 12, 2012 06:15 PM IST",https://www.moneycontrol.com/news/technology/-1825903.html
"September 09, 2012 12:09 PM IST",https://www.moneycontrol.com/news/business/companies/-1856245.html
"September 07, 2012 11:55 AM IST",https://www.moneycontrol.com/news/technology/-1870863.html
"September 01, 2012 05:30 PM IST",https://www.moneycontrol.com/news/technology/-1922613.html
"August 30, 2012 07:25 PM IST",https://www.moneycontrol.com/news/technology/-1937273.html
"August 28, 2012 04:20 PM IST",https://www.moneycontrol.com/news/technology/-1962211.html
"August 25, 2012 05:50 PM IST",https://www.moneycontrol.com/news/technology/-1982913.html
"August 09, 2012 11:25 AM IST",https://www.moneycontrol.com/news/technology/-1115851.html
"August 09, 2012 08:23 AM IST",https://www.moneycontrol.com/news/business/companies/-1116969.html
"August 02, 2012 01:40 PM IST",https://www.moneycontrol.com/news/technology/-1155437.html
"July 31, 2012 04:58 PM IST",https://www.moneycontrol.com/news/business/companies/-1169751.html
"July 13, 2012 08:19 PM IST",https://www.moneycontrol.com/news/trends/current-affairs/-1260353.html
"July 13, 2012 06:20 PM IST",https://www.moneycontrol.com/news/business/companies/-1261143.html
"July 13, 2012 08:44 PM IST",https://www.moneycontrol.com/news/trends/features/-1260119.html
"July 10, 2012 09:56 PM IST",https://www.moneycontrol.com/news/business/companies/-1284083.html
"July 04, 2012 04:15 PM IST",https://www.moneycontrol.com/news/technology/-1319267.html
"June 28, 2012 07:05 PM IST",https://www.moneycontrol.com/news/technology/-1358751.html
"June 09, 2012 01:20 PM IST",https://www.moneycontrol.com/news/technology/-1719463.html
"June 07, 2012 10:00 AM IST",https://www.moneycontrol.com/news/technology/-1737507.html
"June 06, 2012 12:55 PM IST",https://www.moneycontrol.com/news/technology/-1744465.html
"May 22, 2012 04:25 PM IST",https://www.moneycontrol.com/news/technology/-1850365.html
"May 17, 2012 11:10 AM IST",https://www.moneycontrol.com/news/technology/-1838899.html
"May 08, 2012 10:50 AM IST",https://www.moneycontrol.com/news/technology/-1922859.html
"May 07, 2012 03:05 PM IST",https://www.moneycontrol.com/news/technology/-1928501.html
"May 02, 2012 11:20 AM IST",https://www.moneycontrol.com/news/technology/-1972919.html
"April 17, 2012 03:40 PM IST",https://www.moneycontrol.com/news/technology/-1882661.html
"April 17, 2012 01:35 PM IST",https://www.moneycontrol.com/news/technology/-1883899.html
"April 10, 2012 02:38 PM IST",https://www.moneycontrol.com/news/trends/current-affairs-trends/-1942367.html
"April 10, 2012 12:25 PM IST",https://www.moneycontrol.com/news/technology/-1943877.html
"April 09, 2012 11:23 AM IST",https://www.moneycontrol.com/news/business/companies/-1953593.html
"March 15, 2012 05:05 PM IST",https://www.moneycontrol.com/news/technology/-1945123.html
"March 07, 2012 09:28 AM IST",https://www.moneycontrol.com/news/business/companies/-2014369.html
"February 04, 2012 02:05 PM IST",https://www.moneycontrol.com/news/technology/-1903597.html
"January 30, 2012 09:20 PM IST",https://www.moneycontrol.com/news/business/companies/-1969145.html
"January 31, 2012 09:47 AM IST",https://www.moneycontrol.com/news/business/companies/-1965817.html
"January 07, 2012 12:15 PM IST",https://www.moneycontrol.com/news/technology/-2036401.html
"December 31, 2011 02:50 PM IST",https://www.moneycontrol.com/news/technology/-1093939.html
"December 28, 2011 11:45 AM IST",https://www.moneycontrol.com/news/technology/-1113449.html
"December 28, 2011 09:30 AM IST",https://www.moneycontrol.com/news/technology/-1114485.html
"December 27, 2011 02:05 PM IST",https://www.moneycontrol.com/news/technology/-1119271.html
"December 27, 2011 12:35 PM IST",https://www.moneycontrol.com/news/technology/-1120037.html
"December 23, 2011 10:45 AM IST",https://www.moneycontrol.com/news/technology/-1137369.html
"December 15, 2011 06:10 PM IST",https://www.moneycontrol.com/news/technology/-1179157.html
"December 12, 2011 12:00 PM IST",https://www.moneycontrol.com/news/technology/-1201915.html
"November 29, 2011 03:05 PM IST",https://www.moneycontrol.com/news/technology/-1268557.html
"November 29, 2011 12:40 PM IST",https://www.moneycontrol.com/news/technology/-1270419.html
"November 23, 2011 12:36 PM IST",https://www.moneycontrol.com/news/trends/current-affairs-trends/-1318063.html
"November 19, 2011 12:59 PM IST",https://www.moneycontrol.com/news/business/companies/-1347007.html
"November 21, 2011 09:32 AM IST",https://www.moneycontrol.com/news/trends/current-affairs-trends/-1340187.html
"November 17, 2011 12:50 PM IST",https://www.moneycontrol.com/news/technology/-1378701.html
"November 17, 2011 09:01 AM IST",https://www.moneycontrol.com/news/business/markets/-1380183.html
"November 02, 2011 09:00 AM IST",https://www.moneycontrol.com/news/technology/-1933215.html
"October 28, 2011 10:40 AM IST",https://www.moneycontrol.com/news/technology/-1987899.html
"October 19, 2011 08:29 AM IST",https://www.moneycontrol.com/news/business/companies/-2058227.html
"October 05, 2011 10:50 PM IST",https://www.moneycontrol.com/news/business/companies/-2135609.html
"September 24, 2011 04:15 PM IST",https://www.moneycontrol.com/news/technology/-2071569.html
"May 27, 2011 01:22 PM IST",https://www.moneycontrol.com/news/business/companies/-2139769.html
"May 27, 2011 12:10 PM IST",https://www.moneycontrol.com/news/trends/features/-2140043.html
"February 19, 2011 10:39 AM IST",https://www.moneycontrol.com/news/trends/features/-1156335.html
"January 31, 2011 10:39 PM IST",https://www.moneycontrol.com/news/business/companies/-1234953.html
